City_Id,City_Name,Province_id,Province_Name,
1,Toronto,ON,Ontario,
2,Montreal,QC,Quebec,
3,Vancouver,BC,British Columbia,
4,Calgary,AB,Alberta,
5,Edmonton,AB,Alberta,
6,Ottawa,ON,Ontario,
7,Winnipeg,MB,Manitoba,
8,Quebec City,QC,Quebec,
9,Hamilton,ON,Ontario,
10,Mississauga,ON,Ontario,
11,Brampton,ON,Ontario,
12,Surrey,BC,British Columbia,
13,Kitchener,ON,Ontario,
14,Halifax,NS,Nova Scotia,
15,Laval,QC,Quebec,
16,London,ON,Ontario,
17,Victoria,BC,British Columbia,
18,Markham,ON,Ontario,
19,Oshawa,ON,Ontario,
20,Vaughan,ON,Ontario,
21,Windsor,ON,Ontario,
22,Gatineau,QC,Quebec,
23,Saskatoon,SK,Saskatchewan,
24,Longueuil,QC,Quebec,
25,Burnaby,BC,British Columbia,
26,St. Catharines,ON,Ontario,
27,Regina,SK,Saskatchewan,
28,Oakville,ON,Ontario,
29,Richmond,BC,British Columbia,
30,Richmond Hill,ON,Ontario,
31,Burlington,ON,Ontario,
32,St. John's,NL,Newfoundland and Labrador,
33,Kelowna,BC,British Columbia,
34,Sherbrooke,QC,Quebec,
35,Sudbury,ON,Ontario,
36,Barrie,ON,Ontario,
37,Abbotsford,BC,British Columbia,
38,Levis,QC,Quebec,
39,Coquitlam,BC,British Columbia,
40,Saguenay,QC,Quebec,
41,Guelph,ON,Ontario,
42,Trois-Rivieres,QC,Quebec,
43,Whitby,ON,Ontario,
44,Cambridge,ON,Ontario,
45,Milton,ON,Ontario,
46,Ajax,ON,Ontario,
47,Waterloo,ON,Ontario,
48,Terrebonne,QC,Quebec,
49,Moncton,NB,New Brunswick,
50,Saanich,BC,British Columbia,
51,White Rock,BC,British Columbia,
52,Thunder Bay,ON,Ontario,
53,Delta,BC,British Columbia,
54,Nanaimo,BC,British Columbia,
55,Brantford,ON,Ontario,
56,Chatham,ON,Ontario,
57,Clarington,ON,Ontario,
58,Saint-Jerome,QC,Quebec,
59,Red Deer,AB,Alberta,
60,Pickering,ON,Ontario,
61,Lethbridge,AB,Alberta,
62,Kamloops,BC,British Columbia,
63,Saint-Jean-sur-Richelieu,QC,Quebec,
64,Niagara Falls,ON,Ontario,
65,Cape Breton,NS,Nova Scotia,
66,Chilliwack,BC,British Columbia,
67,Brossard,QC,Quebec,
68,Maple Ridge,BC,British Columbia,
69,Newmarket,ON,Ontario,
70,Repentigny,QC,Quebec,
71,Peterborough,ON,Ontario,
72,Drummondville,QC,Quebec,
73,Kawartha Lakes,ON,Ontario,
74,New Westminster,BC,British Columbia,
75,Prince George,BC,British Columbia,
76,Caledon,ON,Ontario,
77,Chateauguay,QC,Quebec,
78,Belleville,ON,Ontario,
79,Airdrie,AB,Alberta,
80,Sarnia,ON,Ontario,
81,Wood Buffalo,AB,Alberta,
82,Sault Ste. Marie,ON,Ontario,
83,Saint John,NB,New Brunswick,
84,Welland,ON,Ontario,
85,Granby,QC,Quebec,
86,St. Albert,AB,Alberta,
87,Fredericton,NB,New Brunswick,
88,Grande Prairie,AB,Alberta,
89,Medicine Hat,AB,Alberta,
90,Halton Hills,ON,Ontario,
91,Aurora,ON,Ontario,
92,Port Coquitlam,BC,British Columbia,
93,Mirabel,QC,Quebec,
94,Blainville,QC,Quebec,
95,Lac-Brome,QC,Quebec,
96,North Vancouver,BC,British Columbia,
97,Saint-Hyacinthe,QC,Quebec,
98,Beloeil,QC,Quebec,
99,North Bay,ON,Ontario,
100,Charlottetown,PE,Prince Edward Island,
101,Vernon,BC,British Columbia,
102,Brandon,MB,Manitoba,
103,Mascouche,QC,Quebec,
104,Stouffville,ON,Ontario,
105,Shawinigan,QC,Quebec,
106,Joliette,QC,Quebec,
107,Rimouski,QC,Quebec,
108,Courtenay,BC,British Columbia,
109,Dollard-des-Ormeaux,QC,Quebec,
110,Cornwall,ON,Ontario,
111,Victoriaville,QC,Quebec,
112,Georgina,ON,Ontario,
113,Woodstock,ON,Ontario,
114,Langford Station,BC,British Columbia,
115,Quinte West,ON,Ontario,
116,St. Thomas,ON,Ontario,
117,Saint-Eustache,QC,Quebec,
118,West Vancouver,BC,British Columbia,
119,New Tecumseth,ON,Ontario,
120,Innisfil,ON,Ontario,
121,Vaudreuil-Dorion,QC,Quebec,
122,Bradford West Gwillimbury,ON,Ontario,
123,Salaberry-de-Valleyfield,QC,Quebec,
124,Rouyn-Noranda,QC,Quebec,
125,Boucherville,QC,Quebec,
126,Mission,BC,British Columbia,
127,Timmins,ON,Ontario,
128,Lakeshore,ON,Ontario,
129,Brant,ON,Ontario,
130,Spruce Grove,AB,Alberta,
131,Campbell River,BC,British Columbia,
132,Prince Albert,SK,Saskatchewan,
133,Penticton,BC,British Columbia,
134,Sorel-Tracy,QC,Quebec,
135,East Kelowna,BC,British Columbia,
136,Leamington,ON,Ontario,
137,East Gwillimbury,ON,Ontario,
138,Cote-Saint-Luc,QC,Quebec,
139,Orangeville,ON,Ontario,
140,Leduc,AB,Alberta,
141,Moose Jaw,SK,Saskatchewan,
142,Port Moody,BC,British Columbia,
143,Pointe-Claire,QC,Quebec,
144,Orillia,ON,Ontario,
145,Stratford,ON,Ontario,
146,Fort Erie,ON,Ontario,
147,Val-d'Or,QC,Quebec,
148,LaSalle,ON,Ontario,
149,Cochrane,AB,Alberta,
150,North Cowichan,BC,British Columbia,
151,Lloydminster,SK,Saskatchewan,
152,Chambly,QC,Quebec,
153,Centre Wellington,ON,Ontario,
154,Okotoks,AB,Alberta,
155,Alma,QC,Quebec,
156,Sainte-Julie,QC,Quebec,
157,Saint-Constant,QC,Quebec,
158,Langley,BC,British Columbia,
159,Grimsby,ON,Ontario,
160,Magog,QC,Quebec,
161,Boisbriand,QC,Quebec,
162,Whitehorse,YT,Yukon,
163,Dieppe,NB,New Brunswick,
164,King,ON,Ontario,
165,Parksville,BC,British Columbia,
166,Conception Bay South,NL,Newfoundland and Labrador,
167,Fort Saskatchewan,AB,Alberta,
168,Woolwich,ON,Ontario,
169,Sainte-Therese,QC,Quebec,
170,Clarence-Rockland,ON,Ontario,
171,La Prairie,QC,Quebec,
172,Saint-Bruno-de-Montarville,QC,Quebec,
173,Midland,ON,Ontario,
174,Thetford Mines,QC,Quebec,
175,Lincoln,ON,Ontario,
176,Quispamsis,NB,New Brunswick,
177,Wasaga Beach,ON,Ontario,
178,Collingwood,ON,Ontario,
179,Sept-Iles,QC,Quebec,
180,Duncan,BC,British Columbia,
181,Hudson,QC,Quebec,
182,Saint-Lin--Laurentides,QC,Quebec,
183,Strathroy-Caradoc,ON,Ontario,
184,Squamish,BC,British Columbia,
185,Thorold,ON,Ontario,
186,Truro,NS,Nova Scotia,
187,Amherstburg,ON,Ontario,
188,L'Assomption,QC,Quebec,
189,Tecumseh,ON,Ontario,
190,Candiac,QC,Quebec,
191,Essa,ON,Ontario,
192,Paradise,NL,Newfoundland and Labrador,
193,Saint-Lambert,QC,Quebec,
194,Mount Pearl Park,NL,Newfoundland and Labrador,
195,Saint-Lazare,QC,Quebec,
196,Owen Sound,ON,Ontario,
197,Brockville,ON,Ontario,
198,Chestermere,AB,Alberta,
199,Kingsville,ON,Ontario,
200,Port Alberni,BC,British Columbia,
201,Springwater,ON,Ontario,
202,Scugog,ON,Ontario,
203,Uxbridge,ON,Ontario,
204,Fort St. John,BC,British Columbia,
205,Wilmot,ON,Ontario,
206,Essex,ON,Ontario,
207,Varennes,QC,Quebec,
208,Oro-Medonte,ON,Ontario,
209,Mont-Royal,QC,Quebec,
210,Beaumont,AB,Alberta,
211,Baie-Comeau,QC,Quebec,
212,Riverview,NB,New Brunswick,
213,Cobourg,ON,Ontario,
214,Cranbrook,BC,British Columbia,
215,Yellowknife,NT,Northwest Territories,
216,South Frontenac,ON,Ontario,
217,Riviere-du-Loup,QC,Quebec,
218,Port Colborne,ON,Ontario,
219,Saint-Augustin-de-Desmaures,QC,Quebec,
220,Huntsville,ON,Ontario,
221,Sainte-Marthe-sur-le-Lac,QC,Quebec,
222,Lloydminster,AB,Alberta,
223,Westmount,QC,Quebec,
224,Russell,ON,Ontario,
225,Les Coteaux,QC,Quebec,
226,Salmon Arm,BC,British Columbia,
227,Kirkland,QC,Quebec,
228,Corner Brook,NL,Newfoundland and Labrador,
229,New Glasgow,NS,Nova Scotia,
230,Dorval,QC,Quebec,
231,Beaconsfield,QC,Quebec,
232,Pitt Meadows,BC,British Columbia,
233,Niagara-on-the-Lake,ON,Ontario,
234,Colwood,BC,British Columbia,
235,Middlesex Centre,ON,Ontario,
236,Mont-Saint-Hilaire,QC,Quebec,
237,Camrose,AB,Alberta,
238,Selwyn,ON,Ontario,
239,Tillsonburg,ON,Ontario,
240,Pelham,ON,Ontario,
241,Petawawa,ON,Ontario,
242,Stony Plain,AB,Alberta,
243,Oak Bay,BC,British Columbia,
244,North Grenville,ON,Ontario,
245,Loyalist,ON,Ontario,
246,Deux-Montagnes,QC,Quebec,
247,Steinbach,MB,Manitoba,
248,Saint-Colomban,QC,Quebec,
249,Miramichi,NB,New Brunswick,
250,Esquimalt,BC,British Columbia,
251,Central Saanich,BC,British Columbia,
252,Sainte-Catherine,QC,Quebec,
253,Port Hope,ON,Ontario,
254,Inverness,NS,Nova Scotia,
255,Saint-Basile-le-Grand,QC,Quebec,
256,L'Ancienne-Lorette,QC,Quebec,
257,Swift Current,SK,Saskatchewan,
258,Pembroke,ON,Ontario,
259,Edmundston,NB,New Brunswick,
260,Yorkton,SK,Saskatchewan,
261,Springfield,MB,Manitoba,
262,Sylvan Lake,AB,Alberta,
263,Bracebridge,ON,Ontario,
264,Summerside,PE,Prince Edward Island,
265,Canmore,AB,Alberta,
266,Bathurst,NB,New Brunswick,
267,Greater Napanee,ON,Ontario,
268,Lake Country,BC,British Columbia,
269,Hanover,MB,Manitoba,
270,Winkler,MB,Manitoba,
271,Saint-Charles-Borromee,QC,Quebec,
272,Cowansville,QC,Quebec,
273,Sainte-Anne-des-Plaines,QC,Quebec,
274,Gaspe,QC,Quebec,
275,Sooke,BC,British Columbia,
276,Kenora,ON,Ontario,
277,Cold Lake,AB,Alberta,
278,Brooks,AB,Alberta,
279,Kentville,NS,Nova Scotia,
280,Comox,BC,British Columbia,
281,Pincourt,QC,Quebec,
282,Mississippi Mills,ON,Ontario,
283,St. Clair,ON,Ontario,
284,Terrace,BC,British Columbia,
285,Mercier,QC,Quebec,
286,West Lincoln,ON,Ontario,
287,Lavaltrie,QC,Quebec,
288,West Nipissing / Nipissing Ouest,ON,Ontario,
289,Strathmore,AB,Alberta,
290,High River,AB,Alberta,
291,Clearview,ON,Ontario,
292,Lachute,QC,Quebec,
293,Rosemere,QC,Quebec,
294,Matane,QC,Quebec,
295,Thames Centre,ON,Ontario,
296,Powell River,BC,British Columbia,
297,Carleton Place,ON,Ontario,
298,Guelph/Eramosa,ON,Ontario,
299,Grand Falls,NL,Newfoundland and Labrador,
300,North Battleford,SK,Saskatchewan,
301,Mont-Laurier,QC,Quebec,
302,Central Elgin,ON,Ontario,
303,Mistassini,QC,Quebec,
304,Saugeen Shores,ON,Ontario,
305,Ingersoll,ON,Ontario,
306,Beauharnois,QC,Quebec,
307,South Stormont,ON,Ontario,
308,Becancour,QC,Quebec,
309,Severn,ON,Ontario,
310,Lacombe,AB,Alberta,
311,Sainte-Sophie,QC,Quebec,
312,Val-des-Monts,QC,Quebec,
313,Saint-Amable,QC,Quebec,
314,Portage La Prairie,MB,Manitoba,
315,South Glengarry,ON,Ontario,
316,Sainte-Marie,QC,Quebec,
317,North Perth,ON,Ontario,
318,Thompson,MB,Manitoba,
319,Trent Hills,ON,Ontario,
320,Trail,BC,British Columbia,
321,The Nation / La Nation,ON,Ontario,
322,Amos,QC,Quebec,
323,Wetaskiwin,AB,Alberta,
324,West Grey,ON,Ontario,
325,Warman,SK,Saskatchewan,
326,Dawson Creek,BC,British Columbia,
327,Sidney,BC,British Columbia,
328,Gravenhurst,ON,Ontario,
329,Prince Rupert,BC,British Columbia,
330,Perth East,ON,Ontario,
331,North Saanich,BC,British Columbia,
332,Prevost,QC,Quebec,
333,Sainte-Adele,QC,Quebec,
334,Sainte-Agathe-des-Monts,QC,Quebec,
335,Quesnel,BC,British Columbia,
336,Les Iles-de-la-Madeleine,QC,Quebec,
337,Tache,MB,Manitoba,
338,Wellington North,ON,Ontario,
339,St. Andrews,MB,Manitoba,
340,Williams Lake,BC,British Columbia,
341,Gander,NL,Newfoundland and Labrador,
342,Whistler,BC,British Columbia,
343,Brighton,ON,Ontario,
344,Tiny,ON,Ontario,
345,Hawkesbury,ON,Ontario,
346,Carignan,QC,Quebec,
347,Brock,ON,Ontario,
348,L'Ile-Perrot,QC,Quebec,
349,Summerland,BC,British Columbia,
350,St. Clements,MB,Manitoba,
351,View Royal,BC,British Columbia,
352,Montmagny,QC,Quebec,
353,Cantley,QC,Quebec,
354,Erin,ON,Ontario,
355,Notre-Dame-de-l'Ile-Perrot,QC,Quebec,
356,Kincardine,ON,Ontario,
357,Elliot Lake,ON,Ontario,
358,Bromont,QC,Quebec,
359,Arnprior,ON,Ontario,
360,North Dundas,ON,Ontario,
361,Wellesley,ON,Ontario,
362,Nelson,BC,British Columbia,
363,Ladysmith,BC,British Columbia,
364,Coldstream,BC,British Columbia,
365,Georgian Bluffs,ON,Ontario,
366,Weyburn,SK,Saskatchewan,
367,La Tuque,QC,Quebec,
368,Norwich,ON,Ontario,
369,Meaford,ON,Ontario,
370,Adjala-Tosorontio,ON,Ontario,
371,Hamilton Township,ON,Ontario,
372,Stratford,PE,Prince Edward Island,
373,Estevan,SK,Saskatchewan,
374,South Dundas,ON,Ontario,
375,Lambton Shores,ON,Ontario,
376,North Dumfries,ON,Ontario,
377,Martensville,SK,Saskatchewan,
378,Mapleton,ON,Ontario,
379,Rawdon,QC,Quebec,
380,Morinville,AB,Alberta,
381,Blackfalds,AB,Alberta,
382,Chester,NS,Nova Scotia,
383,Queens,NS,Nova Scotia,
384,Selkirk,MB,Manitoba,
385,Saint-Felicien,QC,Quebec,
386,Roberval,QC,Quebec,
387,Rideau Lakes,ON,Ontario,
388,Sechelt,BC,British Columbia,
389,Bois-des-Filion,QC,Quebec,
390,North Glengarry,ON,Ontario,
391,South Huron,ON,Ontario,
392,Marieville,QC,Quebec,
393,Penetanguishene,ON,Ontario,
394,Tay,ON,Ontario,
395,Castlegar,BC,British Columbia,
396,Cavan Monaghan,ON,Ontario,
397,Morden,MB,Manitoba,
398,Temiskaming Shores,ON,Ontario,
399,Hinton,AB,Alberta,
400,Saint-Sauveur,QC,Quebec,
401,Grey Highlands,ON,Ontario,
402,East St. Paul,MB,Manitoba,
403,Stoneham-et-Tewkesbury,QC,Quebec,
404,Alfred and Plantagenet,ON,Ontario,
405,Mont-Tremblant,QC,Quebec,
406,Saint-Zotique,QC,Quebec,
407,Saint-Raymond,QC,Quebec,
408,Gibsons,BC,British Columbia,
409,Amherst,NS,Nova Scotia,
410,Elizabethtown-Kitley,ON,Ontario,
411,Smiths Falls,ON,Ontario,
412,Lorraine,QC,Quebec,
413,Ramara,ON,Ontario,
414,Notre-Dame-des-Prairies,QC,Quebec,
415,Leeds and the Thousand Islands,ON,Ontario,
416,Brockton,ON,Ontario,
417,Laurentian Valley,ON,Ontario,
418,Mono,ON,Ontario,
419,Sainte-Julienne,QC,Quebec,
420,Qualicum Beach,BC,British Columbia,
421,Malahide,ON,Ontario,
422,Oromocto,NB,New Brunswick,
423,Whitecourt,AB,Alberta,
424,Olds,AB,Alberta,
425,Huron East,ON,Ontario,
426,Beckwith,ON,Ontario,
427,Labrador City,NL,Newfoundland and Labrador,
428,Shelburne,ON,Ontario,
429,Stanley,MB,Manitoba,
430,Taber,AB,Alberta,
431,Donnacona,QC,Quebec,
432,Corman Park No. 344,SK,Saskatchewan,
433,L'Epiphanie,QC,Quebec,
434,West Perth,ON,Ontario,
435,Campbellton,NB,New Brunswick,
436,Bridgewater,NS,Nova Scotia,
437,Coaldale,AB,Alberta,
438,Pont-Rouge,QC,Quebec,
439,Champlain,ON,Ontario,
440,Coaticook,QC,Quebec,
441,Minto,ON,Ontario,
442,La Peche,QC,Quebec,
443,Shediac,NB,New Brunswick,
444,Otterburn Park,QC,Quebec,
445,Sainte-Brigitte-de-Laval,QC,Quebec,
446,Sainte-Catherine-de-la-Jacques-Cartier,QC,Quebec,
447,South Bruce Peninsula,ON,Ontario,
448,Portugal Cove-St. Philip's,NL,Newfoundland and Labrador,
449,Edson,AB,Alberta,
450,Renfrew,ON,Ontario,
451,Farnham,QC,Quebec,
452,Delson,QC,Quebec,
453,Plympton-Wyoming,ON,Ontario,
454,Banff,AB,Alberta,
455,Kapuskasing,ON,Ontario,
456,La Malbaie,QC,Quebec,
457,Boischatel,QC,Quebec,
458,Beauport,QC,Quebec,
459,Zorra,ON,Ontario,
460,Kitimat,BC,British Columbia,
461,Macdonald,MB,Manitoba,
462,Happy Valley,NL,Newfoundland and Labrador,
463,Saint-Hippolyte,QC,Quebec,
464,Dauphin,MB,Manitoba,
465,Church Point,NS,Nova Scotia,
466,Old Chelsea,QC,Quebec,
467,Drumheller,AB,Alberta,
468,Kirkland Lake,ON,Ontario,
469,Aylmer,ON,Ontario,
470,Saint-Apollinaire,QC,Quebec,
471,Puslinch,ON,Ontario,
472,Argyle,NS,Nova Scotia,
473,Torbay,NL,Newfoundland and Labrador,
474,Yarmouth,NS,Nova Scotia,
475,Innisfail,AB,Alberta,
476,Nicolet,QC,Quebec,
477,Rockwood,MB,Manitoba,
478,Drummond/North Elmsley,ON,Ontario,
479,Contrecoeur,QC,Quebec,
480,Hanover,ON,Ontario,
481,Dryden,ON,Ontario,
482,Iqaluit,NU,Nunavut,
483,Fort Frances,ON,Ontario,
484,Goderich,ON,Ontario,
485,La Sarre,QC,Quebec,
486,Chandler,QC,Quebec,
487,Stone Mills,ON,Ontario,
488,South-West Oxford,ON,Ontario,
489,Acton Vale,QC,Quebec,
490,Douro-Dummer,ON,Ontario,
491,Saint-Philippe,QC,Quebec,
492,McNab/Braeside,ON,Ontario,
493,Central Huron,ON,Ontario,
494,Rigaud,QC,Quebec,
495,Louiseville,QC,Quebec,
496,Chibougamau,QC,Quebec,
497,Coteau-du-Lac,QC,Quebec,
498,Ritchot,MB,Manitoba,
499,Kimberley,BC,British Columbia,
500,Blandford-Blenheim,ON,Ontario,
501,Bayham,ON,Ontario,
502,Augusta,ON,Ontario,
503,Stephenville,NL,Newfoundland and Labrador,
504,The Pas,MB,Manitoba,
505,St. Marys,ON,Ontario,
506,Saint-Remi,QC,Quebec,
507,Drayton Valley,AB,Alberta,
508,Ponoka,AB,Alberta,
509,Southgate,ON,Ontario,
510,Les Cedres,QC,Quebec,
511,Baie-Saint-Paul,QC,Quebec,
512,Merritt,BC,British Columbia,
513,Bluewater,ON,Ontario,
514,East Zorra-Tavistock,ON,Ontario,
515,Brownsburg,QC,Quebec,
516,Asbestos,QC,Quebec,
517,Otonabee-South Monaghan,ON,Ontario,
518,Huron-Kinloss,ON,Ontario,
519,Hampstead,QC,Quebec,
520,Saint-Joseph-du-Lac,QC,Quebec,
521,Plessisville,QC,Quebec,
522,The Blue Mountains,ON,Ontario,
523,Whitewater Region,ON,Ontario,
524,Edwardsburgh/Cardinal,ON,Ontario,
525,Sainte-Anne-des-Monts,QC,Quebec,
526,Bay Roberts,NL,Newfoundland and Labrador,
527,Wainfleet,ON,Ontario,
528,North Stormont,ON,Ontario,
529,Alnwick/Haldimand,ON,Ontario,
530,Peace River,AB,Alberta,
531,Saint-Lambert-de-Lauzon,QC,Quebec,
532,Arran-Elderslie,ON,Ontario,
533,Parry Sound,ON,Ontario,
534,Val-Shefford,QC,Quebec,
535,West St. Paul,MB,Manitoba,
536,Slave Lake,AB,Alberta,
537,Port-Cartier,QC,Quebec,
538,Barrington,NS,Nova Scotia,
539,Rocky Mountain House,AB,Alberta,
540,Muskoka Falls,ON,Ontario,
541,Cornwall,PE,Prince Edward Island,
542,Saint-Paul,QC,Quebec,
543,Devon,AB,Alberta,
544,Perth,ON,Ontario,
545,Wainwright,AB,Alberta,
546,Shannon,QC,Quebec,
547,Saint-Honore,QC,Quebec,
548,Beaubassin East / Beaubassin-est,NB,New Brunswick,
549,Bonnyville,AB,Alberta,
550,Cramahe,ON,Ontario,
551,Beauceville,QC,Quebec,
552,North Middlesex,ON,Ontario,
553,Beaupre,QC,Quebec,
554,Charlemagne,QC,Quebec,
555,Kent,BC,British Columbia,
556,Clarenville,NL,Newfoundland and Labrador,
557,Mont-Joli,QC,Quebec,
558,Pointe-Calumet,QC,Quebec,
559,Dysart et al,ON,Ontario,
560,Carbonear,NL,Newfoundland and Labrador,
561,Hope,BC,British Columbia,
562,Pontiac,QC,Quebec,
563,L'Ange-Gardien,QC,Quebec,
564,Hindon Hill,ON,Ontario,
565,La Broquerie,MB,Manitoba,
566,Tweed,ON,Ontario,
567,Oliver Paipoonge,ON,Ontario,
568,Saint-Felix-de-Valois,QC,Quebec,
569,Melfort,SK,Saskatchewan,
570,Stettler,AB,Alberta,
571,Niverville,MB,Manitoba,
572,McMasterville,QC,Quebec,
573,Douglas,NB,New Brunswick,
574,Saint-Calixte,QC,Quebec,
575,Lac-Megantic,QC,Quebec,
576,Humboldt,SK,Saskatchewan,
577,St. Paul,AB,Alberta,
578,Saint-Henri,QC,Quebec,
579,Peachland,BC,British Columbia,
580,Vercheres,QC,Quebec,
581,Richelieu,QC,Quebec,
582,Petrolia,ON,Ontario,
583,Southwest Middlesex,ON,Ontario,
584,Front of Yonge,ON,Ontario,
585,Oliver,BC,British Columbia,
586,Vegreville,AB,Alberta,
587,Princeville,QC,Quebec,
588,Saint-Cesaire,QC,Quebec,
589,Tay Valley,ON,Ontario,
590,South Bruce,ON,Ontario,
591,Antigonish,NS,Nova Scotia,
592,Crowsnest Pass,AB,Alberta,
593,Redcliff,AB,Alberta,
594,Val-David,QC,Quebec,
595,Fernie,BC,British Columbia,
596,Windsor,NS,Nova Scotia,
597,Notre-Dame-du-Mont-Carmel,QC,Quebec,
598,Sainte-Martine,QC,Quebec,
599,Creston,BC,British Columbia,
600,Saint-Roch-de-l'Achigan,QC,Quebec,
601,Sussex,NB,New Brunswick,
602,Saint-Pie,QC,Quebec,
603,Ashfield-Colborne-Wawanosh,ON,Ontario,
604,Trent Lakes,ON,Ontario,
605,Northern Rockies,BC,British Columbia,
606,Gananoque,ON,Ontario,
607,Windsor,QC,Quebec,
608,Smithers,BC,British Columbia,
609,Tracadie,NB,New Brunswick,
610,Meadow Lake,SK,Saskatchewan,
611,Lanark Highlands,ON,Ontario,
612,Sackville,NB,New Brunswick,
613,Grand Falls,NB,New Brunswick,
614,Armstrong,BC,British Columbia,
615,Cochrane,ON,Ontario,
616,La Ronge,SK,Saskatchewan,
617,Marystown,NL,Newfoundland and Labrador,
618,Sioux Lookout,ON,Ontario,
619,Didsbury,AB,Alberta,
620,Deer Lake,NL,Newfoundland and Labrador,
621,Woodstock,NB,New Brunswick,
622,Flin Flon,SK,Saskatchewan,
623,Brokenhead,MB,Manitoba,
624,Burton,NB,New Brunswick,
625,Montreal-Ouest,QC,Quebec,
626,Spallumcheen,BC,British Columbia,
627,Westlock,AB,Alberta,
628,Temiscouata-sur-le-Lac,QC,Quebec,
629,Osoyoos,BC,British Columbia,
630,Saint Marys,NB,New Brunswick,
631,Hearst,ON,Ontario,
632,Metchosin,BC,British Columbia,
633,Wolfville,NS,Nova Scotia,
634,Breslau,ON,Ontario,
635,Stonewall,MB,Manitoba,
636,Memramcook,NB,New Brunswick,
637,Sainte-Anne-de-Bellevue,QC,Quebec,
638,Stirling-Rawdon,ON,Ontario,
639,Mont-Orford,QC,Quebec,
640,Ste. Anne,MB,Manitoba,
641,Espanola,ON,Ontario,
642,West Elgin,ON,Ontario,
643,Flin Flon (Part),MB,Manitoba,
644,Grand Bay-Westfield,NB,New Brunswick,
645,East Ferris,ON,Ontario,
646,Neepawa,MB,Manitoba,
647,North Huron,ON,Ontario,
648,Saint-Germain-de-Grantham,QC,Quebec,
649,Saint-Cyrille-de-Wendover,QC,Quebec,
650,Chisasibi,QC,Quebec,
651,Southwold,ON,Ontario,
652,Chertsey,QC,Quebec,
653,Shippagan,NB,New Brunswick,
654,Lanoraie,QC,Quebec,
655,Centre Hastings,ON,Ontario,
656,Coverdale,NB,New Brunswick,
657,Warwick,QC,Quebec,
658,Hanwell,NB,New Brunswick,
659,Napierville,QC,Quebec,
660,Waterloo,QC,Quebec,
661,Saint-Joseph-de-Beauce,QC,Quebec,
662,White City,SK,Saskatchewan,
663,Lucan Biddulph,ON,Ontario,
664,Berthierville,QC,Quebec,
665,Riviere-Rouge,QC,Quebec,
666,Greenstone,ON,Ontario,
667,Kindersley,SK,Saskatchewan,
668,Saint-Denis-de-Brompton,QC,Quebec,
669,Jasper,AB,Alberta,
670,Barrhead,AB,Alberta,
671,Melville,SK,Saskatchewan,
672,Amqui,QC,Quebec,
673,Saint-Mathias-sur-Richelieu,QC,Quebec,
674,Tyendinaga,ON,Ontario,
675,Iroquois Falls,ON,Ontario,
676,Havelock-Belmont-Methuen,ON,Ontario,
677,Cornwallis,MB,Manitoba,
678,Saint-Boniface,QC,Quebec,
679,Westbank,BC,British Columbia,
680,Edenwold No. 158,SK,Saskatchewan,
681,Cumberland,BC,British Columbia,
682,Goulds,NL,Newfoundland and Labrador,
683,Vanderhoof,BC,British Columbia,
684,Chateau-Richer,QC,Quebec,
685,Saint Stephen,NB,New Brunswick,
686,Nipawin,SK,Saskatchewan,
687,Battleford,SK,Saskatchewan,
688,Hampton,NB,New Brunswick,
689,Montreal-Est,QC,Quebec,
690,Central Frontenac,ON,Ontario,
691,Saint-Antonin,QC,Quebec,
692,Saint-Jean-de-Matha,QC,Quebec,
693,Headingley,MB,Manitoba,
694,Seguin,ON,Ontario,
695,Beresford,NB,New Brunswick,
696,La Pocatiere,QC,Quebec,
697,Bowen Island,BC,British Columbia,
698,Caraquet,NB,New Brunswick,
699,Altona,MB,Manitoba,
700,Roxton Pond,QC,Quebec,
701,Saint-Etienne-des-Gres,QC,Quebec,
702,Grand Forks,BC,British Columbia,
703,New Maryland,NB,New Brunswick,
704,Port Hardy,BC,British Columbia,
705,Saint-Donat,QC,Quebec,
706,Madawaska Valley,ON,Ontario,
707,Deep River,ON,Ontario,
708,Asphodel-Norwood,ON,Ontario,
709,Red Lake,ON,Ontario,
710,Metabetchouan-Lac-a-la-Croix,QC,Quebec,
711,Maniwaki,QC,Quebec,
712,Vermilion,AB,Alberta,
713,Hastings Highlands,ON,Ontario,
714,Prescott,ON,Ontario,
715,Carstairs,AB,Alberta,
716,Danville,QC,Quebec,
717,Channel-Port aux Basques,NL,Newfoundland and Labrador,
718,Lac-Etchemin,QC,Quebec,
719,Saint-Jacques,QC,Quebec,
720,Swan River,MB,Manitoba,
721,Stellarton,NS,Nova Scotia,
722,Northern Bruce Peninsula,ON,Ontario,
723,L'Islet-sur-Mer,QC,Quebec,
724,Carleton-sur-Mer,QC,Quebec,
725,Sparwood,BC,British Columbia,
726,Casselman,ON,Ontario,
727,Oka,QC,Quebec,
728,Callander,ON,Ontario,
729,Amaranth,ON,Ontario,
730,Marmora and Lake,ON,Ontario,
731,Raymond,AB,Alberta,
732,Morin-Heights,QC,Quebec,
733,Dundas,NB,New Brunswick,
734,Simonds,NB,New Brunswick,
735,Crabtree,QC,Quebec,
736,Bancroft,ON,Ontario,
737,Saint-Tite,QC,Quebec,
738,Howick,ON,Ontario,
739,Dutton/Dunwich,ON,Ontario,
740,New Richmond,QC,Quebec,
741,Perth South,ON,Ontario,
742,Claresholm,AB,Alberta,
743,Baie-d'Urfe,QC,Quebec,
744,Montague,ON,Ontario,
745,Saint-Andre-Avellin,QC,Quebec,
746,Saint-Ambroise-de-Kildare,QC,Quebec,
747,East Angus,QC,Quebec,
748,Rossland,BC,British Columbia,
749,Mackenzie,BC,British Columbia,
750,Golden,BC,British Columbia,
751,Saint-Adolphe-d'Howard,QC,Quebec,
752,Warwick,ON,Ontario,
753,Bonnechere Valley,ON,Ontario,
754,Pincher Creek,AB,Alberta,
755,Alnwick,NB,New Brunswick,
756,Saint-Prosper,QC,Quebec,
757,Crossfield,AB,Alberta,
758,Ormstown,QC,Quebec,
759,Cardston,AB,Alberta,
760,De Salaberry,MB,Manitoba,
761,Grande Cache,AB,Alberta,
762,Saint-Agapit,QC,Quebec,
763,Fruitvale,BC,British Columbia,
764,Saint-Ambroise,QC,Quebec,
765,Westville,NS,Nova Scotia,
766,Hay River,NT,Northwest Territories,
767,Pasadena,NL,Newfoundland and Labrador,
768,Mistissini,QC,Quebec,
769,Studholm,NB,New Brunswick,
770,Lorette,MB,Manitoba,
771,Saint-Faustin--Lac-Carre,QC,Quebec,
772,Morris-Turnberry,ON,Ontario,
773,Placentia,NL,Newfoundland and Labrador,
774,Saint-Pascal,QC,Quebec,
775,Mulmur,ON,Ontario,
776,Blind River,ON,Ontario,
777,Dunham,QC,Quebec,
778,High Level,AB,Alberta,
779,Havre-Saint-Pierre,QC,Quebec,
780,Saint-Anselme,QC,Quebec,
781,Trois-Pistoles,QC,Quebec,
782,Grande-Riviere,QC,Quebec,
783,Malartic,QC,Quebec,
784,Bonavista,NL,Newfoundland and Labrador,
785,Prince Albert No. 461,SK,Saskatchewan,
786,Saint-Maurice,QC,Quebec,
787,Killarney - Turtle Mountain,MB,Manitoba,
788,Woodlands,MB,Manitoba,
789,Lewisporte,NL,Newfoundland and Labrador,
790,Invermere,BC,British Columbia,
791,Bifrost-Riverton,MB,Manitoba,
792,Ascot Corner,QC,Quebec,
793,Cartier,MB,Manitoba,
794,Fossambault-sur-le-Lac,QC,Quebec,
795,Sainte-Anne-des-Lacs,QC,Quebec,
796,Saint-Sulpice,QC,Quebec,
797,Penhold,AB,Alberta,
798,Powassan,ON,Ontario,
799,Highlands East,ON,Ontario,
800,Saint-Alphonse-de-Granby,QC,Quebec,
801,Sainte-Claire,QC,Quebec,
802,Bright,NB,New Brunswick,
803,Ellison,BC,British Columbia,
804,Perce,QC,Quebec,
805,Saint-Jean-Port-Joli,QC,Quebec,
806,East Hawkesbury,ON,Ontario,
807,Buckland No. 491,SK,Saskatchewan,
808,Saint-Andre-d'Argenteuil,QC,Quebec,
809,Saint-Come--Liniere,QC,Quebec,
810,Marathon,ON,Ontario,
811,Forestville,QC,Quebec,
812,Compton,QC,Quebec,
813,Shuniah,ON,Ontario,
814,Inuvik,NT,Northwest Territories,
815,Richmond,QC,Quebec,
816,Lake Cowichan,BC,British Columbia,
817,Saint-Gabriel-de-Valcartier,QC,Quebec,
818,Gibbons,AB,Alberta,
819,Sables-Spanish Rivers,ON,Ontario,
820,Hillsburg-Roblin-Shell River,MB,Manitoba,
821,Port Hawkesbury,NS,Nova Scotia,
822,Three Hills,AB,Alberta,
823,Kingston,NB,New Brunswick,
824,Paspebiac,QC,Quebec,
825,Saint-Thomas,QC,Quebec,
826,Saint-Jean-Baptiste,QC,Quebec,
827,Portneuf,QC,Quebec,
828,Pictou,NS,Nova Scotia,
829,Tisdale,SK,Saskatchewan,
830,Lake of Bays,ON,Ontario,
831,Bishops Falls,NL,Newfoundland and Labrador,
832,WestLake-Gladstone,MB,Manitoba,
833,Normandin,QC,Quebec,
834,Mitchell,MB,Manitoba,
835,Saint-Alphonse-Rodriguez,QC,Quebec,
836,Beausejour,MB,Manitoba,
837,Dalhousie,NB,New Brunswick,
838,Val-Morin,QC,Quebec,
839,Lac du Bonnet,MB,Manitoba,
840,Clermont,QC,Quebec,
841,Virden,MB,Manitoba,
842,Saint-Christophe-d'Arthabaska,QC,Quebec,
843,Mont-Saint-Gregoire,QC,Quebec,
844,Thurso,QC,Quebec,
845,Wellington,NB,New Brunswick,
846,Cedar,BC,British Columbia,
847,Saint-Gabriel,QC,Quebec,
848,Merrickville,ON,Ontario,
849,Saint-Liboire,QC,Quebec,
850,Degelis,QC,Quebec,
851,Morris,MB,Manitoba,
852,Saint-Alexis-des-Monts,QC,Quebec,
853,Cap-Saint-Ignace,QC,Quebec,
854,Fort Macleod,AB,Alberta,
855,Enderby,BC,British Columbia,
856,Carman,MB,Manitoba,
857,Saint-Anaclet-de-Lessard,QC,Quebec,
858,Stoke,QC,Quebec,
859,Adelaide-Metcalfe,ON,Ontario,
860,Melancthon,ON,Ontario,
861,Cap Sante,QC,Quebec,
862,Saint-David-de-Falardeau,QC,Quebec,
863,Harbour Grace,NL,Newfoundland and Labrador,
864,Houston,BC,British Columbia,
865,Springdale,NL,Newfoundland and Labrador,
866,Pemberton,BC,British Columbia,
867,Athabasca,AB,Alberta,
868,Saint-Ferreol-les-Neiges,QC,Quebec,
869,Laurentian Hills,ON,Ontario,
870,Grand Valley,ON,Ontario,
871,Senneterre,QC,Quebec,
872,Saint-Mathieu-de-Beloeil,QC,Quebec,
873,Sainte-Marie-Madeleine,QC,Quebec,
874,Admaston/Bromley,ON,Ontario,
875,North Algona Wilberforce,ON,Ontario,
876,Errington,BC,British Columbia,
877,Wawa,ON,Ontario,
878,Sainte-Melanie,QC,Quebec,
879,Horton,ON,Ontario,
880,Saint-Paul-d'Abbotsford,QC,Quebec,
881,Saint-Michel,QC,Quebec,
882,Botwood,NL,Newfoundland and Labrador,
883,Coalhurst,AB,Alberta,
884,Saint-Marc-des-Carrieres,QC,Quebec,
885,Stanstead,QC,Quebec,
886,Sainte-Anne-de-Beaupre,QC,Quebec,
887,Sainte-Luce,QC,Quebec,
888,Saint-Joseph-de-Sorel,QC,Quebec,
889,Rankin Inlet,NU,Nunavut,
890,Kingsclear,NB,New Brunswick,
891,Princeton,BC,British Columbia,
892,La Loche,SK,Saskatchewan,
893,Ferme-Neuve,QC,Quebec,
894,Yamachiche,QC,Quebec,
895,Adstock,QC,Quebec,
896,Cowichan Bay,BC,British Columbia,
897,Vanscoy No. 345,SK,Saskatchewan,
898,Enniskillen,ON,Ontario,
899,Royston,BC,British Columbia,
900,Bonaventure,QC,Quebec,
901,Pohenegamook,QC,Quebec,
902,Saint-Isidore,QC,Quebec,
903,Wakefield,NB,New Brunswick,
904,Arviat,NU,Nunavut,
905,Sainte-Marguerite-du-Lac-Masson,QC,Quebec,
906,Saint-Prime,QC,Quebec,
907,Kuujjuaq,QC,Quebec,
908,Atikokan,ON,Ontario,
909,Grenville-sur-la-Rouge,QC,Quebec,
910,North Cypress-Langford,MB,Manitoba,
911,Saint-Dominique,QC,Quebec,
912,Macamic,QC,Quebec,
913,Sainte-Anne-de-Sorel,QC,Quebec,
914,Sundre,AB,Alberta,
915,Rougemont,QC,Quebec,
916,Piedmont,QC,Quebec,
917,Grimshaw,AB,Alberta,
918,Lac-des-Ecorces,QC,Quebec,
919,Markstay,ON,Ontario,
920,Northeastern Manitoulin and the Islands,ON,Ontario,
921,Pelican Narrows,SK,Saskatchewan,
922,McDougall,ON,Ontario,
923,Black Diamond,AB,Alberta,
924,Saint-Pamphile,QC,Quebec,
925,Bedford,QC,Quebec,
926,Weedon-Centre,QC,Quebec,
927,Lacolle,QC,Quebec,
928,Saint-Gabriel-de-Brandon,QC,Quebec,
929,Huntingdon,QC,Quebec,
930,French River / Riviere des Francais,ON,Ontario,
931,Spaniards Bay,NL,Newfoundland and Labrador,
932,Cocagne,NB,New Brunswick,
933,Pilot Butte,SK,Saskatchewan,
934,Saint-Bruno,QC,Quebec,
935,Laurier-Station,QC,Quebec,
936,Saint-Anicet,QC,Quebec,
937,Cap-Chat,QC,Quebec,
938,Sexsmith,AB,Alberta,
939,Notre-Dame-de-Lourdes,QC,Quebec,
940,Ville-Marie,QC,Quebec,
941,Wickham,QC,Quebec,
942,Shippegan,NB,New Brunswick,
943,East Garafraxa,ON,Ontario,
944,Unity,SK,Saskatchewan,
945,Rimbey,AB,Alberta,
946,High Prairie,AB,Alberta,
947,Turner Valley,AB,Alberta,
948,Hanna,AB,Alberta,
949,Neuville,QC,Quebec,
950,Fort Smith,NT,Northwest Territories,
951,Maria,QC,Quebec,
952,Saint-Chrysostome,QC,Quebec,
953,Greater Madawaska,ON,Ontario,
954,Berwick,NS,Nova Scotia,
955,Saint-Damase,QC,Quebec,
956,Disraeli,QC,Quebec,
957,Meadow Lake No. 588,SK,Saskatchewan,
958,Elkford,BC,British Columbia,
959,Georgian Bay,ON,Ontario,
960,Saint-Alexandre,QC,Quebec,
961,Herbertville,QC,Quebec,
962,Moosomin,SK,Saskatchewan,
963,Highlands,BC,British Columbia,
964,North Kawartha,ON,Ontario,
965,Sainte-Thecle,QC,Quebec,
966,Fermont,QC,Quebec,
967,Esterhazy,SK,Saskatchewan,
968,Holyrood,NL,Newfoundland and Labrador,
969,La Presentation,QC,Quebec,
970,Beaverlodge,AB,Alberta,
971,Sainte-Catherine-de-Hatley,QC,Quebec,
972,Saint-Basile,QC,Quebec,
973,Saint-Raphael,QC,Quebec,
974,Saint-Martin,QC,Quebec,
975,Causapscal,QC,Quebec,
976,Brigham,QC,Quebec,
977,Sainte-Victoire-de-Sorel,QC,Quebec,
978,Perry,ON,Ontario,
979,Port-Daniel--Gascons,QC,Quebec,
980,Rosetown,SK,Saskatchewan,
981,Minnedosa,MB,Manitoba,
982,Labelle,QC,Quebec,
983,Lincoln,NB,New Brunswick,
984,Black River-Matheson,ON,Ontario,
985,Saint-Michel-des-Saints,QC,Quebec,
986,Dufferin,MB,Manitoba,
987,Saint-Victor,QC,Quebec,
988,Sicamous,BC,British Columbia,
989,Cap Pele,NB,New Brunswick,
990,Kelsey,MB,Manitoba,
991,"Killaloe, Hagarty and Richards",ON,Ontario,
992,Alvinston,ON,Ontario,
993,Trenton,NS,Nova Scotia,
994,Lunenburg,NS,Nova Scotia,
995,Saint-Ephrem-de-Beauce,QC,Quebec,
996,Chase,BC,British Columbia,
997,Lery,QC,Quebec,
998,Assiniboia,SK,Saskatchewan,
999,Tumbler Ridge,BC,British Columbia,
1000,Salisbury,NB,New Brunswick,
1001,Temiscaming,QC,Quebec,
1002,Magrath,AB,Alberta,
1003,Sainte-Genevieve-de-Berthier,QC,Quebec,
1004,Logy Bay-Middle Cove-Outer Cove,NL,Newfoundland and Labrador,
1005,Buctouche,NB,New Brunswick,
1006,Grand Manan,NB,New Brunswick,
1007,Sainte-Madeleine,QC,Quebec,
1008,Anmore,BC,British Columbia,
1009,Sainte-Croix,QC,Quebec,
1010,Algonquin Highlands,ON,Ontario,
1011,Valcourt,QC,Quebec,
1012,Gimli,MB,Manitoba,
1013,Saint George,NB,New Brunswick,
1014,Saint-Mathieu,QC,Quebec,
1015,Paquetville,NB,New Brunswick,
1016,Clearwater,BC,British Columbia,
1017,Addington Highlands,ON,Ontario,
1018,Lillooet,BC,British Columbia,
1019,Burin,NL,Newfoundland and Labrador,
1020,Grand Bank,NL,Newfoundland and Labrador,
1021,Waterville,QC,Quebec,
1022,Minto,NB,New Brunswick,
1023,Rosthern No. 403,SK,Saskatchewan,
1024,Mansfield-et-Pontefract,QC,Quebec,
1025,Saint-Denis,QC,Quebec,
1026,Gore,QC,Quebec,
1027,Outlook,SK,Saskatchewan,
1028,Saint-Gedeon-de-Beauce,QC,Quebec,
1029,Saint-Leonard-d'Aston,QC,Quebec,
1030,Fort-Coulonge,QC,Quebec,
1031,Albanel,QC,Quebec,
1032,St. Anthony,NL,Newfoundland and Labrador,
1033,Pessamit,QC,Quebec,
1034,Logan Lake,BC,British Columbia,
1035,Maskinonge,QC,Quebec,
1036,Saint-Charles-de-Bellechasse,QC,Quebec,
1037,Fogo Island,NL,Newfoundland and Labrador,
1038,Neebing,ON,Ontario,
1039,Port McNeill,BC,British Columbia,
1040,Hatley,QC,Quebec,
1041,East Broughton,QC,Quebec,
1042,Saint-Polycarpe,QC,Quebec,
1043,Deschambault,QC,Quebec,
1044,Canora,SK,Saskatchewan,
1045,Upper Miramichi,NB,New Brunswick,
1046,Tofino,BC,British Columbia,
1047,Hardwicke,NB,New Brunswick,
1048,Wendake,QC,Quebec,
1049,Saint-Come,QC,Quebec,
1050,Waskaganish,QC,Quebec,
1051,Twillingate,NL,Newfoundland and Labrador,
1052,Saint-Quentin,NB,New Brunswick,
1053,Lebel-sur-Quevillon,QC,Quebec,
1054,Calmar,AB,Alberta,
1055,Nanton,AB,Alberta,
1056,Pierreville,QC,Quebec,
1057,New-Wes-Valley,NL,Newfoundland and Labrador,
1058,Pennfield Ridge,NB,New Brunswick,
1059,Northesk,NB,New Brunswick,
1060,West Interlake,MB,Manitoba,
1061,Biggar,SK,Saskatchewan,
1062,Kent,NB,New Brunswick,
1063,Maple Creek,SK,Saskatchewan,
1064,Wabana,NL,Newfoundland and Labrador,
1065,Bonfield,ON,Ontario,
1066,Saint-Gilles,QC,Quebec,
1067,Saint-Bernard,QC,Quebec,
1068,Sainte-Cecile-de-Milton,QC,Quebec,
1069,Saint-Roch-de-Richelieu,QC,Quebec,
1070,Burns Lake,BC,British Columbia,
1071,Redwater,AB,Alberta,
1072,Saint-Nazaire,QC,Quebec,
1073,Westfield Beach,NB,New Brunswick,
1074,Saltair,BC,British Columbia,
1075,Saint-Elzear,QC,Quebec,
1076,Hinchinbrooke,QC,Quebec,
1077,Dundurn No. 314,SK,Saskatchewan,
1078,Saint-Francois-Xavier-de-Brompton,QC,Quebec,
1079,Papineauville,QC,Quebec,
1080,Prairie View,MB,Manitoba,
1081,Saint-Ignace-de-Loyola,QC,Quebec,
1082,Central Manitoulin,ON,Ontario,
1083,Glovertown,NL,Newfoundland and Labrador,
1084,Tofield,AB,Alberta,
1085,Madoc,ON,Ontario,
1086,Sainte-Anne-de-Sabrevois,QC,Quebec,
1087,Sainte-Anne-de-la-Perade,QC,Quebec,
1088,Saint-Damien-de-Buckland,QC,Quebec,
1089,Baker Lake,NU,Nunavut,
1090,Saint-Ferdinand,QC,Quebec,
1091,Pouch Cove,NL,Newfoundland and Labrador,
1092,Britannia No. 502,SK,Saskatchewan,
1093,Saint-Fulgence,QC,Quebec,
1094,Digby,NS,Nova Scotia,
1095,Manouane,QC,Quebec,
1096,Saint-Gervais,QC,Quebec,
1097,Saint-Alexandre-de-Kamouraska,QC,Quebec,
1098,Saint-Marc-sur-Richelieu,QC,Quebec,
1099,Mandeville,QC,Quebec,
1100,Caplan,QC,Quebec,
1101,Allardville,NB,New Brunswick,
1102,Saint-Damien,QC,Quebec,
1103,Lac-Nominingue,QC,Quebec,
1104,Obedjiwan,QC,Quebec,
1105,Rama,SK,Saskatchewan,
1106,Deloraine-Winchester,MB,Manitoba,
1107,Oakland-Wawanesa,MB,Manitoba,
1108,Brenda-Waskada,MB,Manitoba,
1109,Russell-Binscarth,MB,Manitoba,
1110,Ellice-Archie,MB,Manitoba,
1111,Souris-Glenwood,MB,Manitoba,
1112,Riverdale,MB,Manitoba,
1113,Pembina,MB,Manitoba,
1114,Wallace-Woodworth,MB,Manitoba,
1115,Lorne,MB,Manitoba,
1116,Yellowhead,MB,Manitoba,
1117,Swan Valley West,MB,Manitoba,
1118,Grey,MB,Manitoba,
1119,Gilbert Plains,MB,Manitoba,
1120,Norfolk-Treherne,MB,Manitoba,
1121,Emerson-Franklin,MB,Manitoba,
1122,Sifton,MB,Manitoba,
1123,Grassland,MB,Manitoba,
1124,Louise,MB,Manitoba,
1125,Ste. Rose,MB,Manitoba,
1126,Cartwright-Roblin,MB,Manitoba,
1127,Mossey River,MB,Manitoba,
1128,Lakeshore,MB,Manitoba,
1129,Riding Mountain West,MB,Manitoba,
1130,Clanwilliam-Erickson,MB,Manitoba,
1131,Glenboro-South Cypress,MB,Manitoba,
1132,North Norfolk,MB,Manitoba,
1133,Reinland,MB,Manitoba,
1134,Minitonas-Bowsman,MB,Manitoba,
1135,Kippens,NL,Newfoundland and Labrador,
1136,Saint-Gedeon,QC,Quebec,
1137,Lumby,BC,British Columbia,
1138,Kingsey Falls,QC,Quebec,
1139,Provost,AB,Alberta,
1140,Saint-Charles,NB,New Brunswick,
1141,Swift Current No. 137,SK,Saskatchewan,
1142,Mattawa,ON,Ontario,
1143,Blucher,SK,Saskatchewan,
1144,L'Ascension-de-Notre-Seigneur,QC,Quebec,
1145,Bow Island,AB,Alberta,
1146,Barraute,QC,Quebec,
1147,One Hundred Mile House,BC,British Columbia,
1148,Saint-Liguori,QC,Quebec,
1149,Saint Mary,NB,New Brunswick,
1150,Saint-Patrice-de-Sherrington,QC,Quebec,
1151,Fox Creek,AB,Alberta,
1152,Lumsden No. 189,SK,Saskatchewan,
1153,Dawn-Euphemia,ON,Ontario,
1154,Chapleau,ON,Ontario,
1155,Saint-Esprit,QC,Quebec,
1156,Montague,PE,Prince Edward Island,
1157,Mashteuiatsh,QC,Quebec,
1158,Saint-Francois-du-Lac,QC,Quebec,
1159,Petit Rocher,NB,New Brunswick,
1160,Eel River Crossing,NB,New Brunswick,
1161,Millet,AB,Alberta,
1162,Ucluelet,BC,British Columbia,
1163,Vallee-Jonction,QC,Quebec,
1164,Manitouwadge,ON,Ontario,
1165,Wellington,ON,Ontario,
1166,Frontenac Islands,ON,Ontario,
1167,Point Edward,ON,Ontario,
1168,Picture Butte,AB,Alberta,
1169,Manners Sutton,NB,New Brunswick,
1170,Fort Qu'Appelle,SK,Saskatchewan,
1171,Vulcan,AB,Alberta,
1172,Chetwynd,BC,British Columbia,
1173,Indian Head,SK,Saskatchewan,
1174,Wabush,NL,Newfoundland and Labrador,
1175,Saint-Fabien,QC,Quebec,
1176,Harrison Hot Springs,BC,British Columbia,
1177,Watrous,SK,Saskatchewan,
1178,North Frontenac,ON,Ontario,
1179,Lac-Superieur,QC,Quebec,
1180,Les Escoumins,QC,Quebec,
1181,Richibucto,NB,New Brunswick,
1182,Terrasse-Vaudreuil,QC,Quebec,
1183,Riviere-Beaudette,QC,Quebec,
1184,Orkney No. 244,SK,Saskatchewan,
1185,Saint-Barthelemy,QC,Quebec,
1186,Komoka,ON,Ontario,
1187,Nisga'a,BC,British Columbia,
1188,Austin,QC,Quebec,
1189,Saint-Paul-de-l'Ile-aux-Noix,QC,Quebec,
1190,Behchoko,NT,Northwest Territories,
1191,Saint-Cyprien-de-Napierville,QC,Quebec,
1192,Valleyview,AB,Alberta,
1193,Deleage,QC,Quebec,
1194,Potton,QC,Quebec,
1195,Sainte-Beatrix,QC,Quebec,
1196,Saint-Georges-de-Cacouna,QC,Quebec,
1197,Lakeview,BC,British Columbia,
1198,Sainte-Justine,QC,Quebec,
1199,Saint-Valerien-de-Milton,QC,Quebec,
1200,Saint-Cuthbert,QC,Quebec,
1201,Saint-Blaise-sur-Richelieu,QC,Quebec,
1202,Middleton,NS,Nova Scotia,
1203,Kamsack,SK,Saskatchewan,
1204,Carberry,MB,Manitoba,
1205,Saint-Joseph-de-Coleraine,QC,Quebec,
1206,Trinity Bay North,NL,Newfoundland and Labrador,
1207,Pointe-Lebel,QC,Quebec,
1208,Grenville,QC,Quebec,
1209,Saint-Michel-de-Bellechasse,QC,Quebec,
1210,Sainte-Angele-de-Monnoir,QC,Quebec,
1211,Champlain,QC,Quebec,
1212,Sacre-Coeur-Saguenay,QC,Quebec,
1213,Saint-Louis,NB,New Brunswick,
1214,Saint-Lucien,QC,Quebec,
1215,Victoria,NL,Newfoundland and Labrador,
1216,Lumsden,SK,Saskatchewan,
1217,Saint-Robert,QC,Quebec,
1218,Armstrong,MB,Manitoba,
1219,Keremeos,BC,British Columbia,
1220,Regina Beach,SK,Saskatchewan,
1221,La Guadeloupe,QC,Quebec,
1222,Sutton,QC,Quebec,
1223,Saint Andrews,NB,New Brunswick,
1224,Saint-Placide,QC,Quebec,
1225,Grunthal,MB,Manitoba,
1226,Povungnituk,QC,Quebec,
1227,Pointe-des-Cascades,QC,Quebec,
1228,Deseronto,ON,Ontario,
1229,Lamont,AB,Alberta,
1230,Chambord,QC,Quebec,
1231,Maugerville,NB,New Brunswick,
1232,Dudswell,QC,Quebec,
1233,Nipissing,ON,Ontario,
1234,Shaunavon,SK,Saskatchewan,
1235,Wynyard,SK,Saskatchewan,
1236,Cambridge Bay,NU,Nunavut,
1237,Dalmeny,SK,Saskatchewan,
1238,Saint-Narcisse,QC,Quebec,
1239,Waswanipi,QC,Quebec,
1240,Inukjuak,QC,Quebec,
1241,Balgonie,SK,Saskatchewan,
1242,Piney,MB,Manitoba,
1243,Warfield,BC,British Columbia,
1244,Saint-Zacharie,QC,Quebec,
1245,Hemmingford,QC,Quebec,
1246,Saint-Pierre-de-l'Ile-d'Orleans,QC,Quebec,
1247,Kensington,PE,Prince Edward Island,
1248,Shelburne,NS,Nova Scotia,
1249,Saint-Clet,QC,Quebec,
1250,Blumenort,MB,Manitoba,
1251,Brighton,NB,New Brunswick,
1252,Saint-Antoine,NB,New Brunswick,
1253,Northampton,NB,New Brunswick,
1254,Flat Rock,NL,Newfoundland and Labrador,
1255,Saint-Ours,QC,Quebec,
1256,Stephenville Crossing,NL,Newfoundland and Labrador,
1257,Sainte-Anne-de-la-Pocatiere,QC,Quebec,
1258,Popkum,BC,British Columbia,
1259,Notre-Dame-du-Bon-Conseil,QC,Quebec,
1260,Fisher,MB,Manitoba,
1261,Sainte-Clotilde,QC,Quebec,
1262,Lantz,NS,Nova Scotia,
1263,Wicklow,NB,New Brunswick,
1264,Nouvelle,QC,Quebec,
1265,Wasagamack,MB,Manitoba,
1266,Rosthern,SK,Saskatchewan,
1267,Yamaska,QC,Quebec,
1268,Neguac,NB,New Brunswick,
1269,Saint-Antoine-de-Tilly,QC,Quebec,
1270,Igloolik,NU,Nunavut,
1271,Whitehead,MB,Manitoba,
1272,Saint-Elie-de-Caxton,QC,Quebec,
1273,Balmoral,NB,New Brunswick,
1274,Price,QC,Quebec,
1275,Rosedale,MB,Manitoba,
1276,Saint-Jacques-le-Mineur,QC,Quebec,
1277,Coombs,BC,British Columbia,
1278,Val-Joli,QC,Quebec,
1279,Southesk,NB,New Brunswick,
1280,Huron Shores,ON,Ontario,
1281,Saint-Antoine-sur-Richelieu,QC,Quebec,
1282,Saint-Pacome,QC,Quebec,
1283,Saint-Stanislas-de-Kostka,QC,Quebec,
1284,Saint-Jacques,NB,New Brunswick,
1285,Frontenac,QC,Quebec,
1286,Stuartburn,MB,Manitoba,
1287,Sainte-Emelie-de-l'Energie,QC,Quebec,
1288,Saint-Charles-sur-Richelieu,QC,Quebec,
1289,Nipigon,ON,Ontario,
1290,Witless Bay,NL,Newfoundland and Labrador,
1291,Sainte-Helene-de-Bagot,QC,Quebec,
1292,Franklin Centre,QC,Quebec,
1293,Harbour Breton,NL,Newfoundland and Labrador,
1294,Mille-Isles,QC,Quebec,
1295,Naramata,BC,British Columbia,
1296,Lyster,QC,Quebec,
1297,Oakview,MB,Manitoba,
1298,Harrison Park,MB,Manitoba,
1299,Pond Inlet,NU,Nunavut,
1300,Sainte-Clotilde-de-Horton,QC,Quebec,
1301,Burford,ON,Ontario,
1302,Saint-Benoit-Labre,QC,Quebec,
1303,Terrace Bay,ON,Ontario,
1304,Maliotenam,QC,Quebec,
1305,Chapais,QC,Quebec,
1306,Saint-Honore-de-Shenley,QC,Quebec,
1307,Cleveland,QC,Quebec,
1308,Messines,QC,Quebec,
1309,Saint-Laurent-de-l'Ile-d'Orleans,QC,Quebec,
1310,Saint-Jean-de-Dieu,QC,Quebec,
1311,Massey Drive,NL,Newfoundland and Labrador,
1312,Nakusp,BC,British Columbia,
1313,Florenceville,NB,New Brunswick,
1314,Larouche,QC,Quebec,
1315,Fort St. James,BC,British Columbia,
1316,Saint-Francois-de-la-Riviere-du-Sud,QC,Quebec,
1317,Wabasca,AB,Alberta,
1318,Hilliers,BC,British Columbia,
1319,Perth,NB,New Brunswick,
1320,Eeyou Istchee Baie-James,QC,Quebec,
1321,Shellbrook No. 493,SK,Saskatchewan,
1322,Shawville,QC,Quebec,
1323,Lambton,QC,Quebec,
1324,Saint-Flavien,QC,Quebec,
1325,Boissevain,MB,Manitoba,
1326,Sainte-Marcelline-de-Kildare,QC,Quebec,
1327,Riviere-Blanche,QC,Quebec,
1328,Bay Bulls,NL,Newfoundland and Labrador,
1329,Saint-Felix-de-Kingsey,QC,Quebec,
1330,Upper Island Cove,NL,Newfoundland and Labrador,
1331,Sainte-Elisabeth,QC,Quebec,
1332,Ashcroft,BC,British Columbia,
1333,Clarkes Beach,NL,Newfoundland and Labrador,
1334,Falmouth,NS,Nova Scotia,
1335,Uashat,QC,Quebec,
1336,Saint-Bernard-de-Lacolle,QC,Quebec,
1337,Saint-Joseph,NB,New Brunswick,
1338,Belledune,NB,New Brunswick,
1339,Saint-Guillaume,QC,Quebec,
1340,Venise-en-Quebec,QC,Quebec,
1341,Gambo,NL,Newfoundland and Labrador,
1342,Nauwigewauk,NB,New Brunswick,
1343,Humbermouth,NL,Newfoundland and Labrador,
1344,Springbrook,AB,Alberta,
1345,Saint-Paulin,QC,Quebec,
1346,Glenelg,NB,New Brunswick,
1347,Saint David,NB,New Brunswick,
1348,Saint-Albert,QC,Quebec,
1349,Matagami,QC,Quebec,
1350,Grindrod,BC,British Columbia,
1351,Springfield,NB,New Brunswick,
1352,Amherst,QC,Quebec,
1353,Carlyle,SK,Saskatchewan,
1354,Notre-Dame-du-Laus,QC,Quebec,
1355,Langham,SK,Saskatchewan,
1356,St. George,NB,New Brunswick,
1357,Wembley,AB,Alberta,
1358,"Macdonald, Meredith and Aberdeen Additional",ON,Ontario,
1359,Pinawa,MB,Manitoba,
1360,Windermere,BC,British Columbia,
1361,Saint-Tite-des-Caps,QC,Quebec,
1362,Hudson Bay,SK,Saskatchewan,
1363,"Brudenell, Lyndoch and Raglan",ON,Ontario,
1364,Gold River,BC,British Columbia,
1365,Saint-Casimir,QC,Quebec,
1366,Dunsmuir,BC,British Columbia,
1367,Frenchman Butte,SK,Saskatchewan,
1368,Gordon,NB,New Brunswick,
1369,Saint-Malachie,QC,Quebec,
1370,Southampton,NB,New Brunswick,
1371,Salluit,QC,Quebec,
1372,Pangnirtung,NU,Nunavut,
1373,Saint-Louis-de-Gonzague,QC,Quebec,
1374,Moosonee,ON,Ontario,
1375,Englehart,ON,Ontario,
1376,Saint-Urbain,QC,Quebec,
1377,Tring-Jonction,QC,Quebec,
1378,Wilton No. 472,SK,Saskatchewan,
1379,Denmark,NB,New Brunswick,
1380,Saint-Joachim,QC,Quebec,
1381,Torch River No. 488,SK,Saskatchewan,
1382,Saint-Theodore-d'Acton,QC,Quebec,
1383,L' Isle-Verte,QC,Quebec,
1384,Palmarolle,QC,Quebec,
1385,Bon Accord,AB,Alberta,
1386,Sussex Corner,NB,New Brunswick,
1387,Saint-Odilon-de-Cranbourne,QC,Quebec,
1388,Pipestone,MB,Manitoba,
1389,La Dore,QC,Quebec,
1390,Lac-au-Saumon,QC,Quebec,
1391,Wotton,QC,Quebec,
1392,Prairie Lakes,MB,Manitoba,
1393,Elk Point,AB,Alberta,
1394,St. Francois Xavier,MB,Manitoba,
1395,Shellbrook,SK,Saskatchewan,
1396,Wemindji,QC,Quebec,
1397,Cape Dorset,NU,Nunavut,
1398,Strong,ON,Ontario,
1399,Nobleford,AB,Alberta,
1400,Lappe,ON,Ontario,
1401,Pointe-aux-Outardes,QC,Quebec,
1402,Riviere-Heva,QC,Quebec,
1403,Scott,QC,Quebec,
1404,Godmanchester,QC,Quebec,
1405,Macklin,SK,Saskatchewan,
1406,Armour,ON,Ontario,
1407,Saint-Simon,QC,Quebec,
1408,Tingwick,QC,Quebec,
1409,Saint-Aubert,QC,Quebec,
1410,Saint-Mathieu-du-Parc,QC,Quebec,
1411,Saint-Ubalde,QC,Quebec,
1412,Creighton,SK,Saskatchewan,
1413,Faraday,ON,Ontario,
1414,Berthier-sur-Mer,QC,Quebec,
1415,Bayfield,ON,Ontario,
1416,Frampton,QC,Quebec,
1417,Barriere,BC,British Columbia,
1418,Chute-aux-Outardes,QC,Quebec,
1419,Lions Bay,BC,British Columbia,
1420,New Carlisle,QC,Quebec,
1421,Laird No. 404,SK,Saskatchewan,
1422,Saint-Majorique-de-Grantham,QC,Quebec,
1423,Petitcodiac,NB,New Brunswick,
1424,Canwood No. 494,SK,Saskatchewan,
1425,Wentworth-Nord,QC,Quebec,
1426,Bas Caraquet,NB,New Brunswick,
1427,Two Hills,AB,Alberta,
1428,Sainte-Ursule,QC,Quebec,
1429,Dawson,YT,Yukon,
1430,Nantes,QC,Quebec,
1431,Lac-aux-Sables,QC,Quebec,
1432,Stewiacke,NS,Nova Scotia,
1433,Vaudreuil-sur-le-Lac,QC,Quebec,
1434,Grahamdale,MB,Manitoba,
1435,Upham,NB,New Brunswick,
1436,St.-Charles,ON,Ontario,
1437,Cardwell,NB,New Brunswick,
1438,Amulet,QC,Quebec,
1439,L'Avenir,QC,Quebec,
1440,Hillsborough,NB,New Brunswick,
1441,Spiritwood No. 496,SK,Saskatchewan,
1442,Pointe-a-la-Croix,QC,Quebec,
1443,Herouxville,QC,Quebec,
1444,Weldford,NB,New Brunswick,
1445,Reynolds,MB,Manitoba,
1446,St. Laurent,MB,Manitoba,
1447,L'Isle-aux-Allumettes,QC,Quebec,
1448,Emo,ON,Ontario,
1449,Sainte-Brigide-d'Iberville,QC,Quebec,
1450,Les Eboulements,QC,Quebec,
1451,Smooth Rock Falls,ON,Ontario,
1452,Bruederheim,AB,Alberta,
1453,Oxbow,SK,Saskatchewan,
1454,Telkwa,BC,British Columbia,
1455,Landmark,MB,Manitoba,
1456,Norton,NB,New Brunswick,
1457,Gjoa Haven,NU,Nunavut,
1458,Sainte-Barbe,QC,Quebec,
1459,Mayerthorpe,AB,Alberta,
1460,Ootischenia,BC,British Columbia,
1461,Saint-Louis-du-Ha! Ha!,QC,Quebec,
1462,Taylor,BC,British Columbia,
1463,Powerview-Pine Falls,MB,Manitoba,
1464,Ragueneau,QC,Quebec,
1465,Baie Verte,NL,Newfoundland and Labrador,
1466,Chisholm,ON,Ontario,
1467,Saint-Edouard,QC,Quebec,
1468,Charlo,NB,New Brunswick,
1469,Sorrento,BC,British Columbia,
1470,Burgeo,NL,Newfoundland and Labrador,
1471,Wadena,SK,Saskatchewan,
1472,St-Pierre-Jolys,MB,Manitoba,
1473,Richmond,NB,New Brunswick,
1474,Youbou,BC,British Columbia,
1475,Swan Hills,AB,Alberta,
1476,Wilkie,SK,Saskatchewan,
1477,Saint-Leonard,NB,New Brunswick,
1478,Riviere-Bleue,QC,Quebec,
1479,Noyan,QC,Quebec,
1480,Notre-Dame-du-Portage,QC,Quebec,
1481,Ile-a-la-Crosse,SK,Saskatchewan,
1482,Saint-Hugues,QC,Quebec,
1483,Sainte-Anne-du-Sault,QC,Quebec,
1484,La Conception,QC,Quebec,
1485,Vauxhall,AB,Alberta,
1486,Lameque,NB,New Brunswick,
1487,Arborg,MB,Manitoba,
1488,Estevan No. 5,SK,Saskatchewan,
1489,Thessalon,ON,Ontario,
1490,L'Isle-aux-Coudres,QC,Quebec,
1491,Lanigan,SK,Saskatchewan,
1492,Elton,MB,Manitoba,
1493,Bowden,AB,Alberta,
1494,South Qu'Appelle No. 157,SK,Saskatchewan,
1495,Conestogo,ON,Ontario,
1496,Rosser,MB,Manitoba,
1497,Sainte-Lucie-des-Laurentides,QC,Quebec,
1498,Saint-Alexis,QC,Quebec,
1499,Roxton Falls,QC,Quebec,
1500,Montcalm,MB,Manitoba,
1501,Irishtown-Summerside,NL,Newfoundland and Labrador,
1502,Clarendon,QC,Quebec,
1503,Mervin No. 499,SK,Saskatchewan,
1504,Saint-Ludger,QC,Quebec,
1505,Coldwell,MB,Manitoba,
1506,Musquash,NB,New Brunswick,
1507,Racine,QC,Quebec,
1508,Osler,SK,Saskatchewan,
1509,Saint-Zenon,QC,Quebec,
1510,Saint-Armand,QC,Quebec,
1511,Saint-Edouard-de-Lotbiniere,QC,Quebec,
1512,Alonsa,MB,Manitoba,
1513,Saint-Arsene,QC,Quebec,
1514,Listuguj,QC,Quebec,
1515,St. Joseph,ON,Ontario,
1516,Queensbury,NB,New Brunswick,
1517,Saint-Hubert-de-Riviere-du-Loup,QC,Quebec,
1518,Saint-Jude,QC,Quebec,
1519,La Minerve,QC,Quebec,
1520,Trecesson,QC,Quebec,
1521,Legal,AB,Alberta,
1522,Moonbeam,ON,Ontario,
1523,Notre-Dame-des-Pins,QC,Quebec,
1524,Saint-Alban,QC,Quebec,
1525,Saint-Pierre-les-Becquets,QC,Quebec,
1526,Beaver River,SK,Saskatchewan,
1527,Labrecque,QC,Quebec,
1528,Claremont,ON,Ontario,
1529,New Bandon,NB,New Brunswick,
1530,Sainte-Henedine,QC,Quebec,
1531,L'Anse-Saint-Jean,QC,Quebec,
1532,Moose Jaw No. 161,SK,Saskatchewan,
1533,Bassano,AB,Alberta,
1534,Parrsboro,NS,Nova Scotia,
1535,St. George's,NL,Newfoundland and Labrador,
1536,Fort Simpson,NT,Northwest Territories,
1537,Akwesasne,QC,Quebec,
1538,Ignace,ON,Ontario,
1539,Teulon,MB,Manitoba,
1540,Peel,NB,New Brunswick,
1541,Miltonvale Park,PE,Prince Edward Island,
1542,St. Lawrence,NL,Newfoundland and Labrador,
1543,Oxford,NS,Nova Scotia,
1544,Minto-Odanah,MB,Manitoba,
1545,Saint-Valere,QC,Quebec,
1546,St. Alban's,NL,Newfoundland and Labrador,
1547,Kaleden,BC,British Columbia,
1548,Saint James,NB,New Brunswick,
1549,Saint-Norbert-d'Arthabaska,QC,Quebec,
1550,Manning,AB,Alberta,
1551,Glenella-Lansdowne,MB,Manitoba,
1552,Saint-Hilarion,QC,Quebec,
1553,Saint-Modeste,QC,Quebec,
1554,Saint-Simeon,QC,Quebec,
1555,Saint-Barnabe,QC,Quebec,
1556,Irricana,AB,Alberta,
1557,Saint Martins,NB,New Brunswick,
1558,Two Borders,MB,Manitoba,
1559,Bury,QC,Quebec,
1560,Lac-Bouchette,QC,Quebec,
1561,Saint-Lazare-de-Bellechasse,QC,Quebec,
1562,Saint-Michel-du-Squatec,QC,Quebec,
1563,Saint-Joachim-de-Shefford,QC,Quebec,
1564,Grand-Remous,QC,Quebec,
1565,Saint-Gabriel-de-Rimouski,QC,Quebec,
1566,Armstrong,ON,Ontario,
1567,Rogersville,NB,New Brunswick,
1568,Langenburg,SK,Saskatchewan,
1569,Sainte-Marie-Salome,QC,Quebec,
1570,Saint-Cyprien,QC,Quebec,
1571,Centreville,NS,Nova Scotia,
1572,Maidstone,SK,Saskatchewan,
1573,Tres-Saint-Sacrement,QC,Quebec,
1574,Hillsburgh,ON,Ontario,
1575,McAdam,NB,New Brunswick,
1576,Newcastle,NB,New Brunswick,
1577,Saints-Anges,QC,Quebec,
1578,Saint-Urbain-Premier,QC,Quebec,
1579,Centreville-Wareham-Trinity,NL,Newfoundland and Labrador,
1580,Alberton,PE,Prince Edward Island,
1581,Winnipeg Beach,MB,Manitoba,
1582,Sainte-Agathe-de-Lotbiniere,QC,Quebec,
1583,Salmo,BC,British Columbia,
1584,Kipling,SK,Saskatchewan,
1585,Sagamok,ON,Ontario,
1586,Grande-Vallee,QC,Quebec,
1587,Bertrand,NB,New Brunswick,
1588,Mont-Carmel,QC,Quebec,
1589,Victoria,MB,Manitoba,
1590,Saint-Eugene,QC,Quebec,
1591,Notre-Dame-des-Neiges,QC,Quebec,
1592,Saint-Andre,NB,New Brunswick,
1593,Roland,MB,Manitoba,
1594,Saint-Leon-de-Standon,QC,Quebec,
1595,Hensall,ON,Ontario,
1596,Carnduff,SK,Saskatchewan,
1597,Greenwich,NB,New Brunswick,
1598,Carling,ON,Ontario,
1599,Eckville,AB,Alberta,
1600,Nain,NL,Newfoundland and Labrador,
1601,Foam Lake,SK,Saskatchewan,
1602,Sayabec,QC,Quebec,
1603,Laird,ON,Ontario,
1604,Sainte-Sabine,QC,Quebec,
1605,Tara,ON,Ontario,
1606,Saint-Maxime-du-Mont-Louis,QC,Quebec,
1607,Blanc-Sablon,QC,Quebec,
1608,Cobalt,ON,Ontario,
1609,South River,ON,Ontario,
1610,Hudson Bay No. 394,SK,Saskatchewan,
1611,Waldheim,SK,Saskatchewan,
1612,McKellar,ON,Ontario,
1613,Buffalo Narrows,SK,Saskatchewan,
1614,Ayer's Cliff,QC,Quebec,
1615,Les Mechins,QC,Quebec,
1616,Sainte-Marguerite,QC,Quebec,
1617,Saint-Claude,QC,Quebec,
1618,Air Ronge,SK,Saskatchewan,
1619,Chipman,NB,New Brunswick,
1620,Weyburn No. 67,SK,Saskatchewan,
1621,Alberta Beach,AB,Alberta,
1622,Sainte-Jeanne-d'Arc,QC,Quebec,
1623,Sainte-Felicite,QC,Quebec,
1624,Girardville,QC,Quebec,
1625,Saint-Bruno-de-Guigues,QC,Quebec,
1626,Grenfell,SK,Saskatchewan,
1627,South Algonquin,ON,Ontario,
1628,Upton,QC,Quebec,
1629,Saint-Narcisse-de-Beaurivage,QC,Quebec,
1630,Plaisance,QC,Quebec,
1631,Roxton-Sud,QC,Quebec,
1632,St. Louis No. 431,SK,Saskatchewan,
1633,Noonan,NB,New Brunswick,
1634,Duchess,AB,Alberta,
1635,Saint-Frederic,QC,Quebec,
1636,Saint-Narcisse-de-Rimouski,QC,Quebec,
1637,Atholville,NB,New Brunswick,
1638,Viking,AB,Alberta,
1639,Sioux Narrows-Nestor Falls,ON,Ontario,
1640,Repulse Bay,NU,Nunavut,
1641,Saint-Patrice-de-Beaurivage,QC,Quebec,
1642,Bentley,AB,Alberta,
1643,Durham,NB,New Brunswick,
1644,Sainte-Marthe,QC,Quebec,
1645,Notre-Dame-du-Nord,QC,Quebec,
1646,Beachburg,ON,Ontario,
1647,Pinehouse,SK,Saskatchewan,
1648,Saint-Aime-des-Lacs,QC,Quebec,
1649,Wedgeport,NS,Nova Scotia,
1650,Lac-Drolet,QC,Quebec,
1651,Preeceville,SK,Saskatchewan,
1652,Maple Creek No. 111,SK,Saskatchewan,
1653,Harbour Main-Chapel's Cove-Lakeview,NL,Newfoundland and Labrador,
1654,Coleraine,QC,Quebec,
1655,Birch Hills,SK,Saskatchewan,
1656,Saint-Bonaventure,QC,Quebec,
1657,Saint-Wenceslas,QC,Quebec,
1658,Kerrobert,SK,Saskatchewan,
1659,Havelock,NB,New Brunswick,
1660,Eston,SK,Saskatchewan,
1661,Sainte-Genevieve-de-Batiscan,QC,Quebec,
1662,Saint-Justin,QC,Quebec,
1663,Saint-Norbert,QC,Quebec,
1664,Schreiber,ON,Ontario,
1665,Trochu,AB,Alberta,
1666,Botsford,NB,New Brunswick,
1667,Riviere-Ouelle,QC,Quebec,
1668,Stukely-Sud,QC,Quebec,
1669,Saint-Georges-de-Clarenceville,QC,Quebec,
1670,Plantagenet,ON,Ontario,
1671,Sainte-Therese-de-Gaspe,QC,Quebec,
1672,Sainte-Petronille,QC,Quebec,
1673,Desbiens,QC,Quebec,
1674,Clyde River,NU,Nunavut,
1675,La Macaza,QC,Quebec,
1676,Souris,PE,Prince Edward Island,
1677,Kindersley No. 290,SK,Saskatchewan,
1678,Falher,AB,Alberta,
1679,Saint-Vallier,QC,Quebec,
1680,Melita,MB,Manitoba,
1681,Davidson,SK,Saskatchewan,
1682,Bristol,QC,Quebec,
1683,Mahone Bay,NS,Nova Scotia,
1684,Saint-Sylvestre,QC,Quebec,
1685,Taloyoak,NU,Nunavut,
1686,Onoway,AB,Alberta,
1687,Saint-Stanislas,QC,Quebec,
1688,Battle River No. 438,SK,Saskatchewan,
1689,Malpeque,PE,Prince Edward Island,
1690,Longue-Rive,QC,Quebec,
1691,Argyle,MB,Manitoba,
1692,Delisle,SK,Saskatchewan,
1693,Plaster Rock,NB,New Brunswick,
1694,Wilmot,NB,New Brunswick,
1695,Valemount,BC,British Columbia,
1696,Saint-Leonard-de-Portneuf,QC,Quebec,
1697,Longlaketon No. 219,SK,Saskatchewan,
1698,Papineau-Cameron,ON,Ontario,
1699,Assiginack,ON,Ontario,
1700,Brebeuf,QC,Quebec,
1701,Hudson Hope,BC,British Columbia,
1702,Baie-du-Febvre,QC,Quebec,
1703,Durham-Sud,QC,Quebec,
1704,Melbourne,QC,Quebec,
1705,Nipawin No. 487,SK,Saskatchewan,
1706,Duck Lake No. 463,SK,Saskatchewan,
1707,Oyen,AB,Alberta,
1708,Gravelbourg,SK,Saskatchewan,
1709,Lajord No. 128,SK,Saskatchewan,
1710,Hebertville,QC,Quebec,
1711,Lorrainville,QC,Quebec,
1712,Prince,ON,Ontario,
1713,Athens,ON,Ontario,
1714,Saint-Rene-de-Matane,QC,Quebec,
1715,Eastman,QC,Quebec,
1716,Kugluktuk,NU,Nunavut,
1717,Kedgwick,NB,New Brunswick,
1718,Wemotaci,QC,Quebec,
1719,Cookshire,QC,Quebec,
1720,Dorchester,NB,New Brunswick,
1721,Fortune,NL,Newfoundland and Labrador,
1722,Hamiota,MB,Manitoba,
1723,Gillam,MB,Manitoba,
1724,Grand View,MB,Manitoba,
1725,Dildo,NL,Newfoundland and Labrador,
1726,Laurierville,QC,Quebec,
1727,Ripon,QC,Quebec,
1728,Henryville,QC,Quebec,
1729,Gracefield,QC,Quebec,
1730,Chatsworth,ON,Ontario,
1731,McCreary,MB,Manitoba,
1732,Yamaska-Est,QC,Quebec,
1733,Rossburn,MB,Manitoba,
1734,Rothesay,NB,New Brunswick,
1735,Ethelbert,MB,Manitoba,
1736,Frelighsburg,QC,Quebec,
1737,Magnetawan,ON,Ontario,
